{
  "tag": "pythia-160m",
  "n": 300,
  "detector_vs_loss": {
    "min_20_prob": {
      "pearson": 0.915499474254246,
      "spearman": 0.900627784753164,
      "vif": 6.1781514716477535,
      "cond": 4.7611439582949755
    },
    "min_20_plusplus": {
      "pearson": 0.7861822158997075,
      "spearman": 0.7415655729508106,
      "vif": 2.61836637159152,
      "cond": 2.8902869918562155
    },
    "zlib_ratio": {
      "pearson": 0.763795355026861,
      "spearman": 0.7443064922943589,
      "vif": 2.4002880980965022,
      "cond": 2.7326240129768573
    }
  }
}