{
  "model": "EleutherAI/pythia-160m",
  "n": 300,
  "leakage_mean_frac": 0.03700277777777778,
  "fully_extracted": 3,
  "summary": {
    "loss": {
      "rho_frac": 0.2746506320134808,
      "rho_frac_ci": [
        0.16379450814501312,
        0.37822661544961905
      ],
      "rho_extracted": 0.1715641540620635
    },
    "min_20_prob": {
      "rho_frac": 0.1729732393612115,
      "rho_frac_ci": [
        0.06101616539617099,
        0.2846411665224007
      ],
      "rho_extracted": 0.17079047129289973
    },
    "min_20_plusplus": {
      "rho_frac": 0.1078924246347382,
      "rho_frac_ci": [
        -0.009649577533504247,
        0.22030673006860807
      ],
      "rho_extracted": 0.16924310575457222
    },
    "zlib_ratio": {
      "rho_frac": 0.17729023868159155,
      "rho_frac_ci": [
        0.06265715714585739,
        0.2945947621618041
      ],
      "rho_extracted": 0.1642141677550078
    }
  }
}