{
  "model": "EleutherAI/pythia-160m",
  "n": 464,
  "construction": "pile-train-vs-val",
  "summary": {
    "loss": {
      "auc": 0.45446269322235433,
      "auc_ci": [
        0.4074149078478002,
        0.5114999814209275
      ],
      "tpr_at_1": 0.008620689655172414,
      "tpr_at_0p1": 0.0
    },
    "min_20_prob": {
      "auc": 0.4699762187871581,
      "auc_ci": [
        0.4098905692627824,
        0.5304274115636147
      ],
      "tpr_at_1": 0.008620689655172414,
      "tpr_at_0p1": 0.0
    },
    "min_20_plusplus": {
      "auc": 0.4901716706302021,
      "auc_ci": [
        0.4394638079667063,
        0.5456980157550535
      ],
      "tpr_at_1": 0.004310344827586207,
      "tpr_at_0p1": 0.0
    },
    "zlib_ratio": {
      "auc": 0.484375,
      "auc_ci": [
        0.43746005499405466,
        0.5445549383174791
      ],
      "tpr_at_1": 0.008620689655172414,
      "tpr_at_0p1": 0.0
    }
  }
}