{
  "model": "EleutherAI/pythia-160m-deduped",
  "n": 464,
  "construction": "pile-train-vs-val",
  "summary": {
    "loss": {
      "auc": 0.45208457193816887,
      "auc_ci": [
        0.40381428359096316,
        0.5084130685196195
      ],
      "tpr_at_1": 0.008620689655172414,
      "tpr_at_0p1": 0.0
    },
    "min_20_prob": {
      "auc": 0.46720793697978596,
      "auc_ci": [
        0.40721053804994056,
        0.525807725178359
      ],
      "tpr_at_1": 0.008620689655172414,
      "tpr_at_0p1": 0.0
    },
    "min_20_plusplus": {
      "auc": 0.4807892390011891,
      "auc_ci": [
        0.431277868608799,
        0.5372027348394769
      ],
      "tpr_at_1": 0.017241379310344827,
      "tpr_at_0p1": 0.0
    },
    "zlib_ratio": {
      "auc": 0.48502526753864444,
      "auc_ci": [
        0.4359291394173603,
        0.546025007431629
      ],
      "tpr_at_1": 0.008620689655172414,
      "tpr_at_0p1": 0.0
    }
  }
}