{
  "model": "EleutherAI/pythia-1.4b",
  "length": 64,
  "n": 542,
  "summary": {
    "loss": {
      "auc": 0.5711049241183536,
      "auc_ci": [
        0.5255680887651489,
        0.6198251037231138
      ],
      "tpr_at_1": 0.02464788732394366,
      "tpr_at_0p1": 0.0035211267605633804
    },
    "min_20_prob": {
      "auc": 0.5795528987880773,
      "auc_ci": [
        0.531706859373294,
        0.6249392673872693
      ],
      "tpr_at_1": 0.02464788732394366,
      "tpr_at_0p1": 0.01056338028169014
    },
    "min_20_plusplus": {
      "auc": 0.5465252756851184,
      "auc_ci": [
        0.49692208483458894,
        0.5949636286712523
      ],
      "tpr_at_1": 0.02112676056338028,
      "tpr_at_0p1": 0.017605633802816902
    },
    "zlib_ratio": {
      "auc": 0.6158559886450485,
      "auc_ci": [
        0.5650074380390873,
        0.6626705972267715
      ],
      "tpr_at_1": 0.04929577464788732,
      "tpr_at_0p1": 0.007042253521126761
    }
  }
}